<?xml version="1.0" encoding="UTF-8"?>
<idaxs xmlns="http://ida.loni.usc.edu" 
       xmlns:xsi="http://www.w3.org/2001/XMLSchema-instance"
       xsi:schemaLocation="/xsds/idaxs_2_0.xsd">
<project xmlns="">
 <projectIdentifier>ADNI</projectIdentifier>
 <projectDescription>Alzheimer&#039;s Disease Neuroimaging Initiative</projectDescription>
 <siteKey>052</siteKey>
 <subject>
  <subjectIdentifier>052_S_1250</subjectIdentifier>
  <researchGroup>CN</researchGroup>
  <subjectSex>F</subjectSex>
  <subjectInfo item="APOE A1">2</subjectInfo>
  <subjectInfo item="APOE A2">3</subjectInfo>
  <visit>
   <visitIdentifier>ADNI Baseline</visitIdentifier>
   <assessment name="Neuropsychiatric Inventory-Questionnaire (NPI-Q)">
    <component name="Neuropsychiatric Inventory Q - Total Score">
     <assessmentScore attribute="NPISCORE">0.0</assessmentScore>
    </component>
   </assessment>
   <assessment name="Functional Assessment Questionnaire">
    <component name="FAQ Total score">
     <assessmentScore attribute="FAQTOTAL">0.0</assessmentScore>
    </component>
   </assessment>
  </visit>
  <study>
   <studyIdentifier>7344</studyIdentifier>
   <subjectAge>73.3753</subjectAge>
   <ageQualifier>Y</ageQualifier>
   <weightKg>63.5</weightKg>
   <postMortem>F</postMortem>
   <series>
    <seriesIdentifier>27259</seriesIdentifier>
    <modality>MRI</modality>
    <dateAcquired>2007-02-28</dateAcquired>
    <seriesLevelMeta>
     <annotation>
      <text>UCSD ADNI Pipeline</text>
     </annotation>
     <derivedProduct>
      <imageUID>62261</imageUID>
      <processedDataLabel>MPR; GradWarp; B1 Correction; N3; Scaled</processedDataLabel>
      <imageType>image volume</imageType>
      <tissue>All</tissue>
      <hemisphere>Both</hemisphere>
      <anatomicStructure>Brain</anatomicStructure>
      <registration>native</registration>
      <relatedImage>
       <imageUID>41845</imageUID>
       <relation>derived from</relation>
      </relatedImage>
      <provenanceDetail>
       <step>1</step>
       <process>GradWarp</process>
       <package>UCSD ADNI Pipeline</package>
       <program>proc_ADNI_script</program>
       <programVersion>0.2</programVersion>
       <timestamp>2007-05-10T15:36:03</timestamp>
       <platform>Linux</platform>
       <operatingSystem>2.6.9-34.0.1.EL</operatingSystem>
      </provenanceDetail>
      <provenanceDetail>
       <step>2</step>
       <process>B1 Correction</process>
       <package>UCSD ADNI Pipeline</package>
       <program>proc_ADNI_script</program>
       <programVersion>0.2</programVersion>
       <timestamp>2007-05-10T15:36:03</timestamp>
       <platform>Linux</platform>
       <operatingSystem>2.6.9-34.0.1.EL</operatingSystem>
      </provenanceDetail>
      <provenanceDetail>
       <step>3</step>
       <process>ADNI Pipeline</process>
       <package>N3</package>
       <program>nu_correct</program>
       <programVersion>1.3</programVersion>
       <timestamp>2007-05-11T11:02:49</timestamp>
       <platform>Linux</platform>
       <operatingSystem>2.4.21-32.0.1.EL</operatingSystem>
      </provenanceDetail>
      <provenanceDetail>
       <step>4</step>
       <process>Scaled</process>
       <program>scale_nii</program>
       <programVersion>1.1</programVersion>
       <programParams>scale=0.977761,0.986494,1.008282</programParams>
       <timestamp>2007-07-27T08:43:44</timestamp>
       <platform>Linux</platform>
       <operatingSystem>2.4.21-32.0.1.EL</operatingSystem>
      </provenanceDetail>
      <creationDate>2000-01-01</creationDate>
      <imageRating>
       <ratingDescription>1</ratingDescription>
       <value>1</value>
      </imageRating>
     </derivedProduct>
     <relatedImageDetail>
      <originalRelatedImage>
       <imageUID>41845</imageUID>
       <description>MP-RAGE</description>
       <protocolTerm>
        <protocol term="Acquisition Type">3D</protocol>
        <protocol term="Weighting">T1</protocol>
        <protocol term="Pulse Sequence">RM</protocol>
        <protocol term="Slice Thickness">1.2</protocol>
        <protocol term="TE">3.008</protocol>
        <protocol term="TR">6.956</protocol>
        <protocol term="TI">900.0</protocol>
        <protocol term="Coil">8HRBRAIN</protocol>
        <protocol term="Flip Angle">8.0</protocol>
        <protocol term="Acquisition Plane">SAGITTAL</protocol>
        <protocol term="Matrix X">256.0</protocol>
        <protocol term="Matrix Y">256.0</protocol>
        <protocol term="Matrix Z">166.0</protocol>
        <protocol term="Pixel Spacing X">1.0156</protocol>
        <protocol term="Pixel Spacing Y">1.0156</protocol>
        <protocol term="Manufacturer">GE MEDICAL SYSTEMS</protocol>
        <protocol term="Mfg Model">SIGNA EXCITE</protocol>
        <protocol term="Field Strength">3.0</protocol>
       </protocolTerm>
       <imageRating>
        <ratingDescription>1</ratingDescription>
        <value>1</value>
       </imageRating>
      </originalRelatedImage>
     </relatedImageDetail>
    </seriesLevelMeta>
   </series>
  </study>
 </subject>
</project>
</idaxs>