<?xml version="1.0" encoding="UTF-8"?>
<idaxs xmlns="http://ida.loni.usc.edu" 
       xmlns:xsi="http://www.w3.org/2001/XMLSchema-instance"
       xsi:schemaLocation="/xsds/idaxs_2_0.xsd">
<project xmlns="">
 <projectIdentifier>ADNI</projectIdentifier>
 <projectDescription>Alzheimer&#039;s Disease Neuroimaging Initiative</projectDescription>
 <siteKey>130</siteKey>
 <subject>
  <subjectIdentifier>130_S_0505</subjectIdentifier>
  <researchGroup>MCI</researchGroup>
  <subjectSex>M</subjectSex>
  <subjectInfo item="APOE A1">3</subjectInfo>
  <subjectInfo item="APOE A2">3</subjectInfo>
  <visit>
   <visitIdentifier>ADNI Baseline</visitIdentifier>
   <assessment name="Neuropsychiatric Inventory-Questionnaire (NPI-Q)">
    <component name="Neuropsychiatric Inventory Q - Total Score">
     <assessmentScore attribute="NPISCORE">3.0</assessmentScore>
    </component>
   </assessment>
   <assessment name="Functional Assessment Questionnaire">
    <component name="FAQ Total score">
     <assessmentScore attribute="FAQTOTAL">0.0</assessmentScore>
    </component>
   </assessment>
  </visit>
  <study>
   <studyIdentifier>5509</studyIdentifier>
   <subjectAge>79.8767</subjectAge>
   <ageQualifier>Y</ageQualifier>
   <weightKg>74.84</weightKg>
   <postMortem>F</postMortem>
   <series>
    <seriesIdentifier>20396</seriesIdentifier>
    <modality>MRI</modality>
    <dateAcquired>2006-10-18</dateAcquired>
    <seriesLevelMeta>
     <annotation>
      <text>UCSD ADNI Pipeline</text>
     </annotation>
     <derivedProduct>
      <imageUID>39197</imageUID>
      <processedDataLabel>MPR; ; N3; Scaled</processedDataLabel>
      <imageType>image volume</imageType>
      <tissue>All</tissue>
      <hemisphere>Both</hemisphere>
      <anatomicStructure>Brain</anatomicStructure>
      <registration>native</registration>
      <relatedImage>
       <imageUID>26702</imageUID>
       <relation>derived from</relation>
      </relatedImage>
      <provenanceDetail>
       <step>1</step>
       <process>ADNI Pipeline</process>
       <package>N3</package>
       <program>nu_correct</program>
       <programVersion>1.3</programVersion>
       <timestamp>2006-12-14T17:50:19</timestamp>
       <platform>Linux</platform>
       <operatingSystem>2.4.21-32.0.1.EL</operatingSystem>
      </provenanceDetail>
      <provenanceDetail>
       <step>2</step>
       <process>Scaled</process>
       <program>scale_nii</program>
       <programVersion>1.1</programVersion>
       <programParams>scale=1.003596,1.005076,1.006856</programParams>
       <timestamp>2007-02-10T11:38:56</timestamp>
       <platform>Linux</platform>
       <operatingSystem>2.4.21-32.0.1.EL</operatingSystem>
      </provenanceDetail>
      <creationDate>2000-01-01</creationDate>
      <imageRating>
       <ratingDescription>1</ratingDescription>
       <value>1</value>
      </imageRating>
     </derivedProduct>
     <relatedImageDetail>
      <originalRelatedImage>
       <imageUID>26702</imageUID>
       <description>MPRAGE SENSE</description>
       <protocolTerm>
        <protocol term="Acquisition Type"/>
        <protocol term="Weighting">T1</protocol>
        <protocol term="Pulse Sequence">GR</protocol>
        <protocol term="Slice Thickness">1.2</protocol>
        <protocol term="TE">3.2544</protocol>
        <protocol term="TR">6.8482</protocol>
        <protocol term="TI">0.0</protocol>
        <protocol term="Coil">SENSE-Head-8</protocol>
        <protocol term="Flip Angle">8.0</protocol>
        <protocol term="Acquisition Plane">SAGITTAL</protocol>
        <protocol term="Matrix X">256.0</protocol>
        <protocol term="Matrix Y">256.0</protocol>
        <protocol term="Matrix Z">170.0</protocol>
        <protocol term="Pixel Spacing X">1.0</protocol>
        <protocol term="Pixel Spacing Y">1.0</protocol>
        <protocol term="Manufacturer">Philips Medical Systems</protocol>
        <protocol term="Mfg Model">Achieva</protocol>
        <protocol term="Field Strength">3.0</protocol>
       </protocolTerm>
       <imageRating>
        <ratingDescription>1</ratingDescription>
        <value>1</value>
       </imageRating>
      </originalRelatedImage>
     </relatedImageDetail>
    </seriesLevelMeta>
   </series>
  </study>
 </subject>
</project>
</idaxs>