<?xml version="1.0" encoding="UTF-8"?>
<idaxs xmlns="http://ida.loni.usc.edu" 
       xmlns:xsi="http://www.w3.org/2001/XMLSchema-instance"
       xsi:schemaLocation="/xsds/idaxs_2_0.xsd">
<project xmlns="">
 <projectIdentifier>ADNI</projectIdentifier>
 <projectDescription>Alzheimer&#039;s Disease Neuroimaging Initiative</projectDescription>
 <siteKey>116</siteKey>
 <subject>
  <subjectIdentifier>116_S_1249</subjectIdentifier>
  <researchGroup>CN</researchGroup>
  <subjectSex>F</subjectSex>
  <subjectInfo item="APOE A1">3</subjectInfo>
  <subjectInfo item="APOE A2">4</subjectInfo>
  <visit>
   <visitIdentifier>ADNI Baseline</visitIdentifier>
   <assessment name="Neuropsychiatric Inventory-Questionnaire (NPI-Q)">
    <component name="Neuropsychiatric Inventory Q - Total Score">
     <assessmentScore attribute="NPISCORE">0.0</assessmentScore>
    </component>
   </assessment>
   <assessment name="Functional Assessment Questionnaire">
    <component name="FAQ Total score">
     <assessmentScore attribute="FAQTOTAL">0.0</assessmentScore>
    </component>
   </assessment>
  </visit>
  <study>
   <studyIdentifier>7375</studyIdentifier>
   <subjectAge>70.9616</subjectAge>
   <ageQualifier>Y</ageQualifier>
   <weightKg>53.52</weightKg>
   <postMortem>F</postMortem>
   <series>
    <seriesIdentifier>27351</seriesIdentifier>
    <modality>MRI</modality>
    <dateAcquired>2007-03-01</dateAcquired>
    <seriesLevelMeta>
     <annotation>
      <text>UCSD ADNI Pipeline</text>
     </annotation>
     <derivedProduct>
      <imageUID>53845</imageUID>
      <processedDataLabel>MPR-R; GradWarp; B1 Correction; N3; Scaled</processedDataLabel>
      <imageType>image volume</imageType>
      <tissue>All</tissue>
      <hemisphere>Both</hemisphere>
      <anatomicStructure>Brain</anatomicStructure>
      <registration>native</registration>
      <relatedImage>
       <imageUID>42155</imageUID>
       <relation>derived from</relation>
      </relatedImage>
      <provenanceDetail>
       <step>1</step>
       <process>GradWarp</process>
       <package>UCSD ADNI Pipeline</package>
       <program>proc_ADNI_script</program>
       <programVersion>0.2</programVersion>
       <timestamp>2007-04-12T09:29:02</timestamp>
       <platform>Linux</platform>
       <operatingSystem>2.6.9-34.0.1.EL</operatingSystem>
      </provenanceDetail>
      <provenanceDetail>
       <step>2</step>
       <process>B1 Correction</process>
       <package>UCSD ADNI Pipeline</package>
       <program>proc_ADNI_script</program>
       <programVersion>0.2</programVersion>
       <timestamp>2007-04-12T09:29:02</timestamp>
       <platform>Linux</platform>
       <operatingSystem>2.6.9-34.0.1.EL</operatingSystem>
      </provenanceDetail>
      <provenanceDetail>
       <step>3</step>
       <process>ADNI Pipeline</process>
       <package>N3</package>
       <program>nu_correct</program>
       <programVersion>1.3</programVersion>
       <timestamp>2007-04-18T09:35:43</timestamp>
       <platform>Linux</platform>
       <operatingSystem>2.4.21-32.0.1.EL</operatingSystem>
      </provenanceDetail>
      <provenanceDetail>
       <step>4</step>
       <process>Scaled</process>
       <program>scale_nii</program>
       <programVersion>1.1</programVersion>
       <programParams>scale=1.004688,0.998006,0.999986</programParams>
       <timestamp>2007-05-08T15:32:37</timestamp>
       <platform>Linux</platform>
       <operatingSystem>2.4.21-32.0.1.EL</operatingSystem>
      </provenanceDetail>
      <creationDate>2000-01-01</creationDate>
      <imageRating>
       <ratingDescription>1</ratingDescription>
       <value>1</value>
      </imageRating>
     </derivedProduct>
     <relatedImageDetail>
      <originalRelatedImage>
       <imageUID>42155</imageUID>
       <description>MPRAGE Repeat</description>
       <protocolTerm>
        <protocol term="Acquisition Type">3D</protocol>
        <protocol term="Weighting">T1</protocol>
        <protocol term="Pulse Sequence">IR/GR</protocol>
        <protocol term="Slice Thickness">1.2</protocol>
        <protocol term="TE">2.94</protocol>
        <protocol term="TR">2300.0</protocol>
        <protocol term="TI">900.0</protocol>
        <protocol term="Coil">PA</protocol>
        <protocol term="Flip Angle">9.0</protocol>
        <protocol term="Acquisition Plane">SAGITTAL</protocol>
        <protocol term="Matrix X">240.0</protocol>
        <protocol term="Matrix Y">256.0</protocol>
        <protocol term="Matrix Z">160.0</protocol>
        <protocol term="Pixel Spacing X">1.0</protocol>
        <protocol term="Pixel Spacing Y">1.0</protocol>
        <protocol term="Manufacturer">SIEMENS</protocol>
        <protocol term="Mfg Model">Trio</protocol>
        <protocol term="Field Strength">2.89362</protocol>
       </protocolTerm>
       <imageRating>
        <ratingDescription>1</ratingDescription>
        <value>1</value>
       </imageRating>
      </originalRelatedImage>
     </relatedImageDetail>
    </seriesLevelMeta>
   </series>
  </study>
 </subject>
</project>
</idaxs>